"",TCGA.FA.8693,TCGA.FA.A4BB,TCGA.FA.A4XK,TCGA.FA.A6HN,TCGA.FA.A6HO,TCGA.FA.A7DS,TCGA.FA.A7Q1,TCGA.FA.A82F,TCGA.FA.A86F,TCGA.FF.8041,TCGA.FF.8042,TCGA.FF.8043,TCGA.FF.8046,TCGA.FF.8047,TCGA.FF.8061,TCGA.FF.8062,TCGA.FF.A7CQ,TCGA.FF.A7CR,TCGA.FF.A7CW,TCGA.FF.A7CX,TCGA.FM.8000,TCGA.G8.6324,TCGA.G8.6325,TCGA.G8.6326,TCGA.G8.6906,TCGA.G8.6907,TCGA.G8.6909,TCGA.G8.6914,TCGA.GR.7353,TCGA.GR.A4D4,TCGA.GR.A4D5,TCGA.GR.A4D6,TCGA.GS.A9TQ,TCGA.GS.A9TT,TCGA.GS.A9TU,TCGA.GS.A9TV,TCGA.GS.A9TW,TCGA.GS.A9TX,TCGA.GS.A9TY,TCGA.GS.A9TZ,TCGA.GS.A9U3,TCGA.GS.A9U4,TCGA.RQ.A68N,TCGA.RQ.A6JB,TCGA.RQ.AAAT
hsa-let-7i-5p,0.693781879569244,0.573470514358248,0.588369310371663,0.518294146906409,0.577368616817402,0.50876480499178,0.465630758324308,0.517756235057871,0.487277576904673,0.469395031849149,0.57875003536184,0.477610120535903,0.543601880620188,0.517786786656105,0.46689779397375,0.522218155723883,0.524984212497076,0.596546910317774,0.47046119069802,0.448926081996235,0.530054634457824,0.57145326697976,0.626141262504811,0.734857735470347,0.586835840853831,0.47812807155506,0.565485123818681,0.564966559753744,0.317016956180594,0.449002667361778,0.585196592829381,0.536278756565627,0.521461251805874,0.489600838026226,0.544924989170006,0.61551384592793,0.568037519243882,0.541540997982725,0.503780744162566,0.629064309485706,0.59563041386628,0.591572193467226,0.58790953632441,0.569456792632124,0.36048443097455
hsa-miR-1-3p,-1.0990665260977,-1.46862998222531,-1.31025677089055,-2.06995889143984,-1.06813324507295,-1.86912831705714,-1.36023840079767,-0.302252018142579,-1.9769887268426,-2.36837602401548,-2.28290521554364,-2.28542358814577,-1.53166309282903,-1.26136566623398,-1.81876002766121,-1.66762881302053,-2.21291831534041,-1.62931993331037,-1.53406225508988,0.0974218240513909,-1.62778430123359,-2.62909228604962,-1.96702444453339,-1.43147521019043,-1.35956427107064,-2.55283762182796,-2.7286124807645,-1.46963329350809,-2.10596919021657,-1.50132193534497,-0.741672565626332,-0.705914594408466,-1.92241750947625,-1.94610719188197,-1.97421234691905,-1.60708600838414,-2.07356471298685,-1.89846672839,-2.04533485091434,-2.06637802858676,-1.8533679802849,-1.45419319501953,-1.58055236989569,-1.6082211644756,-1.78598188508694
hsa-miR-100-5p,0.748149084063906,0.754707408173171,0.518133176409916,0.710688418077434,0.800007013907861,0.655085918789942,0.738709867002871,0.921135628659702,0.68756510759979,0.830230273448858,0.600133296849954,0.823676066305349,0.805518268622289,0.747286948665978,0.822588467315887,1.02021039701312,0.718175884174815,0.747488192516497,0.621135121481386,0.56432267123281,0.825712427140218,0.60465856022367,0.77598519128653,0.667805792638775,0.671307473501252,0.799825351940953,0.675704929545389,0.811660994065323,0.736032901463554,0.848752338408656,0.73941115098998,0.664206698619256,0.705791083557594,0.781320174703527,0.786583527526621,0.741344136659854,0.686025784567749,0.694899206013059,0.776576596823971,0.759115852080614,0.751604107919926,0.322337580877474,0.85491434446611,0.784836726553481,0.882438300244072
hsa-miR-101-3p,0.827395035205582,0.845801375140752,0.684099530190045,0.825390466519568,0.892720395997731,0.779132645890416,0.859532671150665,0.852257133376655,0.843021909128584,0.917838947545908,0.920012836615433,0.826731590415808,0.930375106205766,0.945143663572828,0.855153226118641,1.01677010334872,0.815937203950429,0.855246362318824,0.882032341592463,0.777998600833379,0.769313715048273,1.06976342822206,0.928122251925566,0.953517512192735,0.913180275999145,0.950590640641907,0.797297382058019,0.770423506390962,0.814044256155425,0.863896881370503,0.894841108951578,0.894802635922492,0.797817988052659,0.794466823552546,0.813883578082163,0.949867440583974,0.866052225763113,0.924846059036408,0.787550108306005,0.884134742950073,0.859224997008973,0.738721353755968,0.821357927998531,0.747695854953174,0.884522944399657
hsa-miR-106a-5p,-0.702026066579611,-0.781814823251642,-0.692148839169227,-0.63607309834223,-0.511489605577431,0.369550879841514,-0.0315113426873853,-0.193648667369688,0.134234194420528,-0.608577980402217,-0.477089391616466,-0.225308330671462,-0.200091380238251,-0.296562073028156,-0.16042926572746,-0.870123109838407,0.23653532452632,0.236307667052191,0.177678851976344,0.0582559372352785,-0.526364647844981,-0.676546483065741,-0.555980958960584,-0.505432458903846,-0.448809873175621,-0.737740355631103,-0.26584304240384,-0.326834158714385,-0.309134363524238,-0.172508660859918,-0.203640114770289,-0.721930783095605,0.164732890306739,0.170829555447227,-0.242679943186885,-0.0904991145120295,0.0281902950596331,-0.119602344016265,-0.138457047349524,-0.21288433617974,-0.112609265956449,0.0875141125697334,-0.152281375352275,-0.555368272409169,0.14928583362167
hsa-miR-106b-5p,0.470823951727546,0.431206122210675,0.461984841659184,0.450671035663286,0.494992913786621,0.630445129627863,0.554020122378593,0.426165327569317,0.477448368084262,0.519959242627262,0.788879311728809,0.625624144638308,0.611877091598354,0.663046299183752,0.631755010075642,0.464986818133137,0.592986427681772,0.550230191585566,0.568474345636344,0.546947636282771,0.61408068682181,0.50766272466568,0.566457633407571,0.517548520746134,0.523279737554806,0.606618166924322,0.453167398988862,0.535600854670435,0.678353997268663,0.662213886699056,0.446663785319391,0.585729024230089,0.636609767541247,0.546103258246412,0.499230693727499,0.381562394560453,0.494267895450194,0.461875749916288,0.491839716631555,0.381531677316267,0.383555995929704,0.437958247330307,0.575826028503318,0.57296864703402,0.596349371906824
hsa-miR-107,-0.0920586848070296,-0.0879916939049804,-0.104683718462693,-0.0556502155189467,-0.0067931998548104,0.118899845035932,0.210442831096308,-0.106367874681123,0.0503003054885828,0.163044516648567,0.19991142061126,0.237373269332742,0.228157139844894,0.271744388860665,0.141382598132687,-0.13376087789333,0.278717861312672,0.145871145892904,0.0769045922744785,-0.0555052085400054,0.153648893852141,0.0846002332578645,0.171120206003334,0.141092496977201,0.159694269606253,0.139714999970516,0.206062458808935,0.146976509557758,0.337954365587718,-0.0622598416528683,-0.045922525789424,-0.146479195098366,0.212386337500353,0.171287645099243,0.0735563576724869,0.105456470210401,0.161193792415314,0.114153977473029,0.149498586457633,0.140068987121663,0.0451141770497727,0.0928127988724821,0.000447069001212486,0.0431779122431736,0.10788404677567
hsa-miR-10a-5p,0.909639477603799,0.828853828863584,0.920109200857394,0.587943245258105,0.779043520313175,0.765309813509239,0.847256039458563,1.01463305599391,0.780914590459225,0.687799528550039,0.751168087933008,0.785705440338959,0.761559778216674,0.534336235339897,0.887679764513727,0.902822240545916,0.693890128236885,0.581328797716231,0.702643987926293,0.662029514466459,0.781863826471628,0.873395726971896,0.820500104112859,0.797300751309176,0.827337235978844,0.759596357084731,0.750908279684171,0.842260946355902,0.792814446813989,0.844445896780893,0.749411537658802,0.613823514217937,0.672352129039818,0.235836948862639,0.712714046317056,0.76179316204516,0.760389906425805,0.573327308844283,0.807157435572991,0.740417709372782,0.844707798386647,0.511285744385212,0.645277814794544,0.647078931123582,0.410435766748617
hsa-miR-10b-5p,0.983682300601719,1.1405562692251,1.03304689821936,1.02083244747076,1.00733832324959,0.99036028777867,0.909274849365889,1.02471540495803,1.0204949605271,0.921754640014371,0.958891417783952,0.895202191712644,1.12049224976967,0.960273868038517,0.849657497519748,0.992920629083881,0.94199244363583,0.872168044787675,1.0174505210282,0.885109502303692,0.974391084681491,1.03647288509065,0.924866211002872,0.818317637728524,0.880209193530084,0.985376673016435,0.943980317929373,0.955478158598192,0.941522572421856,1.02864038311436,0.999370594034544,1.07759173017551,0.900645098970449,0.896414588797338,0.969375981996417,0.962787001373034,0.955339411027173,0.920587378258503,1.00315571125212,0.990132398462514,1.01246525960367,0.866130156646752,0.712739841131197,1.00498928470793,0.29754947865906
hsa-miR-122-5p,-2.57309551163043,-2.73487336272261,-2.34045209100415,-2.67654107759481,-2.60346174712315,-2.36160109786876,-2.49086098305701,-1.86698731142101,-2.59946810132304,-2.63597476778256,-2.28290521554364,-2.47767688020192,-2.80059539968463,-1.48471130885027,-2.63980573463809,-3.64967460942109,-1.75446974203974,-2.3256414431599,-2.42653395020708,-3.0408215779853,-2.75755937836686,-3.30926912943541,-1.75044720549601,-2.70949640071722,-2.48651824535765,-2.47675480398654,-1.52683470320631,-2.47439971889662,-2.94344379716784,-2.11719001158349,-2.82377121488771,-2.86087916694094,-2.53483351331433,-2.01971338771483,-2.67852191455298,-2.56644811394065,-1.87892599005691,-2.02443017724443,-2.36553711048341,-2.2681262945269,-2.49762229845275,-2.59040650651593,-2.68293069548224,-2.09051485755736,-3.11462043786528
hsa-miR-124-3p,-2.05179120156759,-2.52291581450404,-2.34045209100415,-2.67654107759481,-2.60346174712315,-2.36160109786876,-2.49086098305701,-2.92981225303038,-2.59946810132304,-2.45175925544789,-1.95512347159486,-1.89977451587713,-2.80059539968463,-2.65810685627189,-2.47002020593429,-3.28063570668282,-1.888434753721,-2.38174911445947,-2.2114071208911,-2.57282306806894,-2.43886848209385,-2.57787803823897,-2.43481278757858,-2.44644274248299,-2.2329162438034,-2.66587877433464,-3.0643419768436,-2.47439971889662,-1.63237030699252,-3.16751372432174,-2.82377121488771,-2.49667072736334,-2.53483351331433,-2.38496292756023,-2.58824976427489,-2.56644811394065,-2.30524784283294,-2.67661700859982,-2.36553711048341,-2.12994261326848,-2.49762229845275,-2.42275140218335,-1.94863232765003,-2.51417507571863,-0.167429737669021
hsa-miR-125a-5p,0.413512332190144,0.54420105478839,0.399588878298821,0.401831715756249,0.406872101913064,0.14282889163948,0.26062438181638,0.414141045638689,0.378357125275633,0.398910950081306,0.398075601615611,0.323336310872037,0.325252744958523,0.195679426274076,0.289895389889964,0.395627400959536,0.239853758906588,0.310253281981168,0.228978284064744,0.0574564586740099,0.390625808008941,0.261516649431107,0.413898638381004,0.300877190046266,0.329071663709657,0.297894053742875,0.274854404981397,0.324268427185845,0.357375446672788,0.31760980216503,0.399200335986306,0.325649760862537,0.294731101887124,0.321512467687713,0.37463670887841,0.372356839542764,0.428005349981156,0.408604865996968,0.405097808513162,0.376839317710031,0.385570240377044,0.322905264100005,0.402717341894705,0.315286424838929,0.464101753111618
hsa-miR-125b-5p,0.216604314395348,0.333840122949942,0.211484532935576,0.302646575686164,0.201937024533637,-0.0242313754558855,0.211571406630918,0.306183581162682,0.178758493926037,0.294323520680456,0.263234331801137,0.290657862794833,0.265331599685055,0.188009562903465,0.182548959268384,0.359004271856993,0.253159604742955,0.191090508147437,0.061339527199439,0.041609412180559,0.299877381070655,0.0309717753464142,0.297975562416511,0.226061054146639,0.195877248628938,0.176261494228223,0.207329002077283,0.346085522114036,0.261477517909405,0.234421899893633,0.230499922128398,0.217480211821828,0.204253115670146,0.213085689316119,0.331961956697643,0.248795956032043,0.221508546053815,0.129799442920681,0.289084348664474,0.241831374409077,0.245090878817819,-0.10126632228885,0.272445409840234,0.282115275576391,0.381377125903399
hsa-miR-129-5p,-2.57309551163043,-1.32539347597217,-2.34045209100415,-2.42463456992814,-1.5270397456685,-1.80576419107577,0.0524958751287119,-1.07932164490581,-1.95012632520832,0.0493391214091366,0.0740642608154395,-0.0142679678286859,-0.262006421804435,-0.907637917346431,0.339961196400335,-1.53167304435895,-1.52187940469039,-2.40392894917349,-2.00579840501336,-0.988967351996216,0.18602871078005,-1.64648515318547,-1.40359228570385,-1.48035479695886,-0.446450839024208,0.173939377968369,-0.92198559248256,-0.791408666282216,0.717676901836971,-0.504707279446948,-1.38045309419543,-0.241136486178023,-0.79929069230873,-1.89864028393652,-0.568788069039382,-0.875299618303265,-1.74700525944033,-1.2239265826579,-1.08689267967688,-1.45129812099145,-0.69236029891838,-2.34640515359357,-1.0114538966976,-0.618573721191224,0.244442658704535
hsa-miR-130a-3p,-0.132120401308283,0.0391631714337086,-0.0289552938013856,-0.0274604531132416,-0.133839096696173,-0.26286174616545,-0.176048324144384,-0.0298628687443608,-0.0486708851533858,-0.287838049183862,0.0525190274782848,0.309033921747303,-0.276897284916884,-0.330677061942423,-0.309022979464418,-0.418802210004048,-0.208270995966442,-0.000346229732788906,-0.260761726877104,-0.440355270784116,-0.280519951241424,-0.251344727333436,-0.247325798392402,-0.0232244093407952,-0.278823338466747,-0.559182651238412,-0.246900828850109,-0.225022090832488,-0.35915461283948,-0.356299981712183,-0.155064192042091,-0.286142372125995,-0.360819869941371,-0.230725837289941,0.0688933125674892,-0.17659179633286,-0.119262577445967,-0.182801962848387,-0.257511948230017,-0.331737765294484,-0.199335020213854,0.0587086329770856,-0.140824327133391,-0.0341678633176418,-0.544882330856752
hsa-miR-132-3p,0.159731040254721,0.068359199138684,0.155761544507891,-0.147405152431923,0.240065821076986,0.149896552075639,0.42926270479145,0.144191434132071,0.0761633132503702,0.0735940769688921,0.0823991813678305,0.0406680393655806,0.167465845157408,0.262046159864416,0.106761685489231,0.0265540854736619,0.252548692850687,0.280547067841123,0.105177572314857,-0.026255398407702,0.25857874783658,0.17784434016443,0.307703699039212,0.146539548862625,0.238575676876295,0.0996504182871446,0.203109714217245,0.323901294502886,0.263333154553224,0.177836432763242,0.153341342264905,0.107915783457324,0.255389301570877,0.395986463870488,0.197819530253232,0.314570738188142,0.271989877633254,0.133104817030072,0.0922126705153681,0.26337487077705,0.25283207685812,0.315769548008264,0.201463842169467,0.00109809059565579,0.354034232522675
hsa-miR-133a-3p,-1.5655103495204,-1.67365440367523,-1.28149403226943,-1.96458605704305,-2.06514285292641,-1.97729940831241,-1.80551307097514,-0.912699629061028,-2.07047633997171,-2.48531711415564,-2.28290521554364,-2.11891735448775,-1.99544054329633,-1.71944719854128,-2.63980573463809,-1.66762881302053,-1.9615841976926,-1.87184373022904,-2.42653395020708,0.204024110248066,-1.14210136926814,-1.39758696553882,-2.14460937380207,-1.32315738188002,-1.6228987793916,-1.82937517108842,-1.63412974632287,-1.72697524975994,-1.85071797645158,-1.83698422901623,-1.62072444096508,-1.38892213804857,-1.99854712198518,-2.05080578735344,-2.1772394118431,-1.87941094664013,-2.30524784283294,-2.03005286313906,-2.04533485091434,-2.2681262945269,-2.49762229845275,-1.70589786121002,-2.68293069548224,-1.58752635136013,-2.19270895868646
hsa-miR-133b,-2.57309551163043,-2.73487336272261,-1.85295939724308,-2.21313057917043,-2.60346174712315,-2.36160109786876,-2.49086098305701,-1.75133917620099,-2.59946810132304,-2.34993910323005,-2.28290521554364,-2.47767688020192,-2.80059539968463,-2.00420879435685,-2.63980573463809,-2.38391285746525,-1.75446974203974,-2.3256414431599,-2.97769717807367,0.0886774909089779,-1.62778430123359,-1.09579505413455,-2.12176817422556,-1.65236347265673,-2.48651824535765,-2.13432895032099,-1.31111952425837,-1.88355017988771,-2.48743399048007,-2.11719001158349,-2.42111907900417,-2.86087916694094,-2.53483351331433,-2.38496292756023,-2.67852191455298,-2.56644811394065,-2.30524784283294,-2.77271834142552,-1.79151490486482,-2.2681262945269,-2.49762229845275,-1.87549747803095,-2.68293069548224,-2.51417507571863,-3.11462043786528
hsa-miR-135a-5p,-2.57309551163043,-2.17750797727071,-2.34045209100415,-2.42463456992814,-1.66949292258684,-2.36160109786876,-2.49086098305701,-2.78129656056958,-1.25811445195438,-2.48531711415564,-2.28290521554364,-2.47767688020192,-2.80059539968463,-2.65810685627189,-1.81876002766121,-0.61884703851982,-2.21291831534041,-2.40392894917349,-1.96678196090747,-3.0408215779853,-2.75755937836686,-3.0304254008202,-1.96702444453339,-2.49747856382873,-2.48651824535765,-2.77020997209005,-2.7286124807645,-2.47439971889662,-2.94344379716784,-3.16751372432174,-2.82377121488771,-2.86087916694094,-2.53483351331433,-2.38496292756023,-2.1603199779236,-2.23415745686154,-2.30524784283294,-2.77271834142552,-2.36553711048341,-2.2681262945269,-2.30849651054315,-2.34640515359357,-1.10984366856226,-2.51417507571863,-1.35770714930219
hsa-miR-138-5p,-1.35377063838239,-0.664404274087455,-0.92450671354585,-0.657362902891692,-1.64196401771169,-1.97729940831241,-1.36480787543991,-2.07278820018183,-1.00475275744248,-0.535390570837238,-1.8906087164944,-1.60339567859523,-1.23896151881173,-2.29167068597965,-0.585718469845865,-1.2436564796967,-2.21291831534041,-1.80199233689205,-1.41733400735998,-1.07304214178225,-1.25305821110832,-0.289032329781199,-1.52509789943021,-1.53820136028678,-1.6228987793916,0.106243989499365,-0.599776341095031,-2.144813772668,-0.0866424889571834,-0.209937361698642,-1.0483569952215,-0.985467345057233,-0.210612661495553,-2.18879663937874,-1.48656180522154,-0.810065798082924,-2.07356471298685,-0.674392828437453,-1.04548827851014,-1.67894931825045,-1.32097138914291,-0.285911813826751,-1.43237461804081,-1.83450567446491,-0.834728421249357
hsa-miR-139-5p,-0.206938443792826,-0.359636275434985,-0.0362279933513257,-0.147405152431923,0.0997392417872851,-0.0573464206298671,-0.00990341358565279,-0.0592521748797217,0.0886875826557577,-0.602194374961604,-0.438761246949094,-0.391041280221049,0.0334367680482632,0.00923663838059876,-0.424243455955049,-0.363644059147292,0.0761133569354439,-0.123375657760007,-0.0938105857488217,-0.344792056498701,-0.36372217035111,-0.164110220157128,-0.187672375099984,-0.305522948604096,0.188623797492162,-0.236953412534246,-0.511174904220019,-0.0338802234946834,-0.218780948833392,-0.44296418385256,0.0226031040664418,-0.104168551086683,-0.488622496293518,-0.184333403199755,-0.160440276581103,-0.0904991145120295,-0.221640085410124,-0.372991077992773,-0.237467606712983,-0.0682929371254853,-0.0886408445185704,-0.615990852417947,-0.242323924448567,-0.412273891201409,-0.238315940517489
hsa-miR-140-3p,0.643725633459158,0.616050954616916,0.609329988616233,0.648920921910161,0.668915369375056,0.72050486104365,0.757515741594702,0.744913478611785,0.68489043171435,0.645638721230827,0.681540987582137,0.585828412486048,0.701984976474234,0.655365263795326,0.630579904217068,0.647841423926379,0.772018386629305,0.769785981524471,0.698262518559754,0.576522258554823,0.695634045255184,0.716211495229695,0.678122350425444,0.715674336371583,0.64969656190471,0.746969756540313,0.669853807591983,0.699705286558192,0.733065719956141,0.633304948783199,0.650397141754509,0.697034557666148,0.655585333773007,0.672230664441469,0.694003418864463,0.723717122258102,0.674440531611358,0.726038785759042,0.663750204526779,0.705829319329575,0.67729588813614,0.589099146861119,0.709220197644622,0.614127505221671,0.669503748769911
hsa-miR-140-5p,0.643725633459158,0.616050954616916,0.609329988616233,0.648920921910161,0.668915369375056,0.72050486104365,0.757515741594702,0.744913478611785,0.68489043171435,0.645638721230827,0.681540987582137,0.585828412486048,0.701984976474234,0.655365263795326,0.630579904217068,0.647841423926379,0.772018386629305,0.769785981524471,0.698262518559754,0.576522258554823,0.695634045255184,0.716211495229695,0.678122350425444,0.715674336371583,0.64969656190471,0.746969756540313,0.669853807591983,0.699705286558192,0.733065719956141,0.633304948783199,0.650397141754509,0.697034557666148,0.655585333773007,0.672230664441469,0.694003418864463,0.723717122258102,0.674440531611358,0.726038785759042,0.663750204526779,0.705829319329575,0.67729588813614,0.589099146861119,0.709220197644622,0.614127505221671,0.669503748769911
hsa-miR-141-3p,-0.102829025064813,-0.186176832619758,-0.182448051145721,-0.239825154829824,-0.488218058137239,0.0201242509083162,-0.297041246294013,-0.0727129513540414,-0.462509239022012,0.298522078158791,-0.65337456996141,-0.610126264599405,-0.416277232420748,-0.36969748718857,-0.218494616070108,0.195502357244017,0.191163014518852,-0.0453118124643673,-0.43674214687542,-0.585237763388146,-0.103597772911692,-0.638680083798023,-0.340466947765529,-0.156673002734498,-0.315806230354058,-0.421577239879293,0.284715638444778,-0.397792067052423,-0.513417211288119,-0.800554046020471,0.141494029025006,-0.538802743930842,-0.500523379590815,0.567636907255729,-0.616155216828442,-0.295564038492421,-0.413567404103098,-0.336284478941527,-0.196151562348336,-0.193829172175527,-0.65487118098834,-0.384205748961317,-0.164273606316136,-0.244944757402545,-0.14169261211302
hsa-miR-142-3p,1.02859031131866,0.992648765115702,1.02029531132023,0.980397637912798,1.04554227105142,1.02847851861208,0.728800501281353,0.901550293548123,1.00077791788278,1.0319271351644,1.01845414892679,1.0043415191662,0.996209252630029,1.12286817428166,1.03250904629289,1.08296988230108,0.943450646713685,0.973159058303963,1.00826731645412,1.03105606178292,1.07433060754505,1.13920951921466,1.04776083943154,1.13222690770814,1.03147759280567,1.10362062458584,1.02189200928295,0.971178662068461,0.993044641414427,0.95414669291387,0.995289572525516,1.09781169685962,0.982359497679169,0.945004491340869,0.946532546271987,1.05855481342843,0.949795255996093,1.04815935212646,0.991232737887229,0.974878536239784,1.0059383087434,0.941875997739739,1.019423737484,1.00731762524641,0.973638560176093
hsa-miR-142-5p,1.02859031131866,0.992648765115702,1.02029531132023,0.980397637912798,1.04554227105142,1.02847851861208,0.728800501281353,0.901550293548123,1.00077791788278,1.0319271351644,1.01845414892679,1.0043415191662,0.996209252630029,1.12286817428166,1.03250904629289,1.08296988230108,0.943450646713685,0.973159058303963,1.00826731645412,1.03105606178292,1.07433060754505,1.13920951921466,1.04776083943154,1.13222690770814,1.03147759280567,1.10362062458584,1.02189200928295,0.971178662068461,0.993044641414427,0.95414669291387,0.995289572525516,1.09781169685962,0.982359497679169,0.945004491340869,0.946532546271987,1.05855481342843,0.949795255996093,1.04815935212646,0.991232737887229,0.974878536239784,1.0059383087434,0.941875997739739,1.019423737484,1.00731762524641,0.973638560176093
hsa-miR-146a-5p,0.561773160786079,0.626176455859588,0.629194788085423,0.591741166333131,0.6776666928757,0.613473692760415,0.668325134562916,0.476756099148477,0.636416621636497,0.556821170898384,0.460857462459524,0.509292816267742,0.419974782737666,0.754866812637848,0.531087848860689,0.375566903468151,0.593764097138202,0.610748358891285,0.724409870286831,0.781015946866506,0.648491240169064,0.604628821424091,0.642886039159546,0.617441886419643,0.690468648530828,0.810131871935497,0.539187459246105,0.691203426475189,0.737154617379138,0.612244248077795,0.554699758360159,0.641793008033058,0.645333484329559,0.674740450865074,0.674900991131611,0.665970505551899,0.717290628331324,0.689094456064889,0.436640152759803,0.656144570121959,0.544708358019916,0.516254484578606,0.651516383145147,0.611632844652372,0.578691284623334
hsa-miR-146b-5p,0.649776351516706,0.588157442243695,0.471056577687543,0.660275403122326,0.450051372853259,0.759823309702384,0.537391570519526,0.731519917453265,0.575316818618759,0.573839174644597,0.556686820812548,0.362185043808558,0.534508733966816,0.5445448630566,0.51206584839816,0.458946590859156,0.882720440204795,0.855240388558197,0.533414593748778,0.475980534337262,0.375614077353628,0.417972105821099,0.658534887717106,0.674723176202318,0.464633227026062,0.163297820153268,0.584189670347968,0.65819662993103,0.44446119963333,0.556903004753444,0.661209499614645,0.607932941199762,0.567239649236677,0.711365676946126,0.643902042149783,0.785158671652952,0.787882454271975,0.6085392684855,0.483377055586705,0.7591616604179,0.703193380609435,0.794586856708466,0.805169892835499,0.535651902511104,0.719516849012781
hsa-miR-148a-3p,1.10705030365607,1.09488694931363,1.23046587050535,0.992083789087998,1.16294473060425,1.17925954375558,0.942394108418732,1.10154989166919,0.872362531479294,1.07193446920384,0.800752730760271,0.931669999175032,0.984245310418485,1.26719519532323,1.09219062242943,1.0116571923376,1.02803612399336,1.10970314812299,1.129470047697,1.08959314186934,0.784612248942477,0.948227684824649,1.11489184729958,0.842053946704726,1.08631838116051,0.943577857905828,0.935530260727386,1.06220083035083,1.10340772446031,0.902757143996244,1.09868026992319,1.01856158329215,0.980981109626197,1.12552966633696,1.10441933073533,0.894047982362289,1.03094581298698,0.923572642254096,1.08466470718191,1.06704451214466,1.13071343796432,0.949159026470535,1.05634962292451,1.10150440616906,1.17820931073595
hsa-miR-150-5p,0.748149084063906,0.882668701746529,0.541793561450817,0.865508878281765,0.816512684765596,0.467398986832443,0.690225894657277,0.577879952978659,0.801533583481627,0.695888074797784,0.535930129117919,0.571233304313324,0.841054732893052,0.527293467012653,0.59951463343709,0.880819196151239,0.579449948003245,0.685327679104522,0.75297041070224,0.356723278354242,0.544286206040082,0.923097859560089,0.822662341547902,0.862628026599174,0.64352427002884,0.81215860839055,0.893175008650107,0.59846725124415,0.876236602121404,0.63164065324774,0.933767404456451,0.94355660753598,0.339637079434249,0.177585541133955,0.828809570093315,0.926799805366094,0.461781904020162,0.905378841255623,0.667084340374157,0.684358520446518,0.806508359128059,0.617469319675673,0.627457815093731,0.524554002938775,0.375606224526865
hsa-miR-152-3p,0.247511418260025,0.0931772913750043,0.260176373254776,-0.0108388261849815,-0.0836176826743662,-0.0240966595188749,0.2377951795427,0.257857081127635,-0.0500369013724536,0.133100532642022,0.278946868155265,0.164522225202017,0.275818349025238,0.0519140484811849,0.267407122362376,0.194253414405935,0.0994519900290156,0.0632421184696105,-0.0583753016165051,-0.0278282084923279,0.321011256543185,0.150399230490873,0.225765696253976,0.153839835588424,0.198639565156903,0.170460069694742,0.0858854019945432,0.312901425518571,0.0691811810607235,0.0675410577595499,0.0566386093165815,-0.116920707969903,0.197505786934609,0.107741337935245,0.0337619487181521,-0.126001150046325,0.207288473289927,0.0422206475151167,0.0951427229416239,-0.0536831237894202,0.0798996160928214,-0.0180916313891485,0.150239425705134,0.199896303313308,0.0247063841363189
hsa-miR-155-5p,0.756264504623124,0.800263772668968,1.06731665841911,0.911780779033436,0.897581418483119,0.878260337961985,0.709952254107373,0.590834963102629,0.839309907077058,0.949225768289812,0.714455445131729,0.874606732077645,0.526085440004807,0.920747680355302,0.882442326651459,0.610136422889348,0.882511239720724,0.93420673527736,0.911910060989057,0.729310657791383,0.869085206905288,1.00849613149643,0.843899114114194,0.787749101645678,0.810953417694918,0.761792407029826,0.803878604470006,0.723136787346517,0.90276205701387,0.604171867733334,0.810008552063961,0.883512324162663,0.745906800208168,0.765906807936346,0.867807117046005,0.843313112845151,0.956250807304567,0.830076061149922,1.01557516000598,0.943224646330394,0.805031944322771,1.00777459347106,0.815749781987018,1.00028983440385,0.889435737494965
hsa-miR-16-5p,0.45622791776269,0.37741985775521,0.417244834804628,0.421307771384485,0.574670546843782,0.535031654289556,0.44186285835295,0.308128542477928,0.461022372178097,0.407793507621105,0.536350865331825,0.505354372165417,0.48610120919985,0.631587598004485,0.531542860576121,0.375447691361691,0.523898262755412,0.489197356262204,0.498648838722221,0.619656557813882,0.451567839916775,0.574368363187159,0.431868663579346,0.521976558493686,0.521540321804431,0.542434786249164,0.431020795600822,0.456635755624997,0.448350913826688,0.441364326497249,0.343643795233902,0.555016692684053,0.541993329268615,0.536284131354435,0.452888102098443,0.427949097341731,0.476038081116913,0.468530526825205,0.489599987971547,0.482800106845066,0.479150564375011,0.512469332973828,0.53151734970276,0.551218740462642,0.35271231301344
hsa-miR-17-5p,0.735942490744322,0.653642245885802,0.721249336045304,0.685848913153127,0.677840014902276,0.83257966293205,0.737640908674199,0.630715473708386,0.662068628420337,0.631336998254831,0.740191688138584,0.763145000713552,0.816960023180866,0.797282267504314,0.885392353058466,0.606696220285153,0.824971940250332,0.768829270183555,0.793039666954361,0.734781751207937,0.620913276885597,0.487458144607013,0.615132495663369,0.49478081244468,0.62660323189323,0.554425118484933,0.778285947490762,0.702563370807412,0.774878070553958,0.529221587244738,0.634253408322389,0.637929060446737,0.828035872960835,0.850557349907915,0.636045263788101,0.612770462033935,0.723384785510215,0.740266656201431,0.628598310194095,0.510593576354691,0.617879263939855,0.635249165482558,0.735326625671122,0.638402189266072,0.764420503641241
hsa-miR-181a-5p,0.7724743470096,0.666725712089531,0.654908025302811,0.620231981145133,0.735747079303001,0.580408008914546,0.745164451894354,0.623968792720547,0.709909787502286,0.765014330694072,0.658442982046436,0.66588265987556,0.702473705252643,0.832699698846104,0.7983277410073,0.692328078156915,0.743543124744366,0.79722505590434,0.736289568618549,0.73215984678939,0.753909438848347,0.672382637936591,0.811909594455755,0.692755566706767,0.839280883910199,0.70596966893482,0.739293254626656,0.721879715230372,0.790104421438736,0.813103776830471,0.664960227104946,0.737081620021646,0.721072773591327,0.65810607071782,0.750113037494357,0.791620905927445,0.678351636116827,0.828507243425706,0.809197756066341,0.717872644090646,0.679458060177389,0.560630333171087,0.742994626553918,0.632226749889242,0.77640321639576
hsa-miR-182-5p,0.735067603130418,0.675348949726671,0.97343692278124,0.739967795737883,0.663482261068487,0.793432465802069,0.926609352931554,0.770657482624102,0.635513831072528,0.762289378524403,0.982239983227798,0.989790888342766,0.833490854724741,1.0238764293914,0.81301391478738,0.684738572363039,0.830831117323541,0.526813465909057,0.826571010978842,0.78097044672344,0.639420183206761,0.466030391293963,0.85462636349549,0.322504235049955,0.828730865032017,0.906240110771961,0.83067941153176,0.599042170559128,0.888860270508704,1.02157191526022,0.7775880326985,0.985897191178214,0.761549251234697,0.878505968557305,0.925616918999814,0.531949840649532,0.600262455917749,0.759574183037942,0.948472088868325,0.8358465496441,0.780393226639286,0.884275353384784,0.828939419148866,0.879733057779341,0.736083743510142
hsa-miR-183-5p,0.534636755402004,0.518435017416657,0.679070486717428,0.568407319179432,0.469222429607037,0.652160107393123,0.779711518613902,0.62632624882729,0.481311032530926,0.548399596603114,0.921885840074022,0.860355029602868,0.641937660857737,0.859474954124123,0.693967284360248,0.452038402734059,0.675830235935241,0.312676887156085,0.671617196318036,0.598499495477725,0.462554372239186,0.153211629929786,0.755572216398719,0.00886406166572001,0.634182461062003,0.66230327011644,0.598353681775659,0.443599860155426,0.810202102497744,0.856448149756665,0.579145756206884,0.800396650171175,0.564151028598749,0.800220242123971,0.777274253290642,0.153603548948096,0.414088647323441,0.499147645916221,0.678806147253364,0.356626943463204,0.571026108585175,0.753760118796584,0.621041623236791,0.680754835924034,0.389183007123841
hsa-miR-184,-1.17153253713669,-0.720697454551346,-1.85295939724308,-1.6143063936115,-0.704380833715718,-2.07988750726202,-1.9538726263948,-2.1957423911642,-0.402676258727042,-1.86388277872333,-1.48662273617999,-1.72316699788404,-1.29518430746278,-1.00799753893437,-1.59006761645928,-0.878366834569334,-1.49881200091321,-1.98721688540747,-1.44609300764982,-2.08080514782619,-0.630744026695585,-0.891265298567386,-2.12176817422556,-2.08392273098343,-1.88930067077308,0.280345457758852,-1.9085024118218,-1.88355017988771,-2.01116486682299,-0.72723145740149,-1.30444360276818,-1.57889602747506,-2.53483351331433,-1.7884487546168,-0.933762789715708,-1.96854642860244,-1.45558681090195,-1.47773655857582,-1.50405884420315,-1.66102049842441,-0.893868128983291,-1.87549747803095,-1.88361588894878,-2.51417507571863,-0.880231398932481
hsa-miR-191-5p,0.606924149275397,0.602438980422829,0.688573082054454,0.661482951455875,0.742867071593867,0.54142223675116,0.659963376972111,0.446871816276999,0.502748145012435,0.727988483417,0.807639423845608,0.820514680427704,0.49646525738499,0.68874381920072,0.620931533905372,0.530050199688023,0.628657530899296,0.576570950449403,0.666091230249318,0.507274156620952,0.684503547004213,0.61461951116158,0.654900152550719,0.45219209431952,0.671255134847688,0.706783924145366,0.603162873347564,0.647829013767481,0.588909486472686,0.621785873357945,0.414846517655694,0.688691578841145,0.658865207396556,0.527048671598829,0.545429810178333,0.644118879164233,0.666256420045552,0.669976942940029,0.504608511776204,0.594223553094134,0.674588218139166,0.565188987181132,0.623147753597176,0.640296904520399,0.438963536930161
hsa-miR-195-5p,-0.386484547654281,-0.106881562716181,-0.360422242642492,-0.179005265925821,-0.392974947413962,-0.470011474595572,-0.301669717582043,-0.17066069162451,-0.196500404904742,-0.424540987345064,-0.151503558681416,-0.234414810606441,-0.123461029377472,-0.378209444617094,-0.287477520983237,-0.370931368625328,-0.417818310098433,-0.601736605708071,-0.447527460074003,-0.511673456373205,-0.318782769489751,-0.437398889928068,-0.434155447022707,-0.0974848965336781,-0.49339567289232,-0.626690957818212,-0.511174904220019,-0.311687062528156,-0.39297677995061,-0.595970449619972,-0.392799599843343,-0.424497215294681,-0.539556215330027,-0.601876253399141,-0.354921574752054,-0.465256145647301,-0.273536229698102,-0.412748989197095,-0.257511948230017,-0.546782961670627,-0.353976067960892,-0.239099470617049,-0.565791068977147,-0.180589182752372,-0.611905740146642
hsa-miR-196a-5p,-1.07692380722892,-0.90768459812254,-0.625093572004426,-0.866140977965112,-1.64196401771169,-0.960730254720911,-0.280992074200305,-0.622623305288107,-0.723944355588094,-1.72385129677149,-1.42242811127672,-0.401491986289112,-0.652797207529486,-1.50247484529796,-0.965933816577483,-1.60423681734039,-1.21018027036156,-0.929373826868319,-1.31457364781588,-0.760807256647461,-0.327715929410218,-1.22749675978564,-1.57106696437217,-1.72720286261319,-2.12293500564733,-1.01320928662445,-0.965987800727808,-1.16497189354778,-0.911327772432432,-0.117177928195151,-0.772324911244669,-0.867678250948,-0.219990717519538,0.0550716246181975,-0.11708734136947,-1.02475257581491,-0.772913026558252,-0.173553718340104,-0.30472891835936,-1.07201610905631,-0.178510038867955,-1.24749518108257,-1.82119928649247,-1.1734957263242,-1.63582972687379
hsa-miR-199a-3p,0.708451336674339,0.701033801835914,0.626555656492157,0.600689821158838,0.526578521312034,0.280935215646101,0.555377287116511,0.69351375663065,0.566270766378376,0.598126628820013,0.587949360474021,0.612084102731842,0.654544737506763,0.463183368558344,0.594481777281518,0.62620639631503,0.464910463200219,0.440942176125211,0.509902087285815,0.428657096483909,0.63600507627083,0.478498360256628,0.550707903986106,0.691552879875953,0.569689058889874,0.544616981880847,0.416577395825471,0.633821538787779,0.513569172338959,0.634972033180338,0.579005134259515,0.537504593577079,0.447535914485411,0.463458549357949,0.551982421633818,0.484371267036895,0.578635528518411,0.476156569358419,0.600599172263643,0.505116835931854,0.556661193592783,0.551651768992474,0.48901907951185,0.661330566887417,0.0609687107698322
hsa-miR-199a-5p,0.708451336674339,0.701033801835914,0.626555656492157,0.600689821158838,0.526578521312034,0.280935215646101,0.555377287116511,0.69351375663065,0.566270766378376,0.598126628820013,0.587949360474021,0.612084102731842,0.654544737506763,0.463183368558344,0.594481777281518,0.62620639631503,0.464910463200219,0.440942176125211,0.509902087285815,0.428657096483909,0.63600507627083,0.478498360256628,0.550707903986106,0.691552879875953,0.569689058889874,0.544616981880847,0.416577395825471,0.633821538787779,0.513569172338959,0.634972033180338,0.579005134259515,0.537504593577079,0.447535914485411,0.463458549357949,0.551982421633818,0.484371267036895,0.578635528518411,0.476156569358419,0.600599172263643,0.505116835931854,0.556661193592783,0.551651768992474,0.48901907951185,0.661330566887417,0.0609687107698322
hsa-miR-199b-5p,0.805803041571914,0.768322946495629,0.684586946705491,0.656475976168476,0.626153680386719,0.397864075594571,0.615518635077855,0.779239517296209,0.615653047104093,0.696988568479347,0.681354628230484,0.700558690174802,0.747371407955371,0.569639819953746,0.689323904579876,0.722732734467579,0.547154463264864,0.536755232623605,0.574928185636763,0.535751103492796,0.707708030908944,0.562570175311474,0.647511511589952,0.791097668384901,0.650227435402914,0.628673155727908,0.526182928860548,0.708274404894067,0.585182551162804,0.720013915645721,0.645130175033282,0.570377692005299,0.527531900675709,0.514010535655357,0.616701511329983,0.557685621144491,0.66926248400249,0.496564021130195,0.673555687016661,0.566946833409164,0.615783900694759,0.661339842444979,0.582930376209648,0.752887764211922,0.161061723218443
hsa-miR-19a-3p,0.0205635194495401,-0.00554281858132224,0.208375382529752,0.145945287710773,-0.0257306964930064,0.285493016260977,0.204483280689114,-0.146356553601303,0.159337123607117,-0.247979944556992,-0.101612704663328,0.200999357912862,0.130573805136205,-0.0506868354314106,0.17388399180791,-0.470419499917579,0.340352908831257,0.157772519028772,0.192878971086053,0.028329353458064,-0.355676523137086,-0.463687622009162,-0.250141972950114,-0.200600413250657,-0.087209578319829,-0.43129013013709,0.113849625589106,-0.1007703799153,-0.193086831330102,-0.225668571453742,0.0277924502278981,-0.0876751025430053,0.333719486467408,0.231280666034932,-0.101484959898977,0.113038478898297,0.140874991585862,0.0785054311761136,0.181921204073407,0.025285779369451,0.0684809860408522,0.271895953530538,0.0367492189099224,0.0733293465597591,0.289706346791639
hsa-miR-19b-3p,0.134456851146207,0.226327040301521,0.327457071129859,0.291631148785115,0.181426335958283,0.347140275633938,0.307995286457593,0.0113113729917555,0.230345738474508,-0.0783033012897062,0.141150182346502,0.378390114060912,0.20192228669177,0.242789949990896,0.336727604248933,-0.180658137180115,0.354598073678959,0.290361758061139,0.394424094552405,0.309555935825859,0.08865201950482,-0.0870543616101542,-0.0103621467752689,0.0920452971425774,0.126929554361831,-0.07300315724146,0.278790152452755,0.145192964668547,0.148354229330288,0.0202607396234829,0.10877953279425,0.173670443089976,0.501640651878139,0.447127446981919,0.11060913599208,0.2138377441306,0.26988348714064,0.28484563014337,0.235749472230405,0.16295835695211,0.166953602895587,0.357789222772504,0.183196319114257,0.216562919109755,0.34964246977978
hsa-miR-200b-3p,-0.370321688354936,-2.17750797727071,-2.34045209100415,-1.94078798605284,-0.726864864946459,-0.778774936473964,-1.79601969632807,-1.34711841716513,-1.19141734693996,-1.03672531211558,-0.956141717306013,-1.09122392146542,-1.44108046024634,-1.00799753893437,-1.14397383041232,-0.305069930495811,-1.32764945621862,-1.18484658874036,-1.62767750330502,-2.50186477227234,-1.08963493086379,-1.56199463630893,-0.956189580027094,-1.1283227467625,-1.59234014693695,-1.16559479202185,-1.31111952425837,-1.00478451621974,-1.37883312221754,-1.498768673644,-0.889598366718,-1.84604110548325,-1.298882177691,-1.12845035749316,-1.24234391541936,-0.959187353911648,-1.22533186214586,-1.09251665344252,-1.18826283164212,-1.06214063845601,-1.09942287826802,-1.16662471305286,-1.33233428147867,-1.13713019033346,-2.37379570906298
hsa-miR-200c-3p,0.171907091610546,0.131779292843064,0.104074086806862,0.179298813745175,-0.107440334420203,0.296191077663563,0.0383344813937455,0.305303597656012,0.00592222013664646,0.409146948476536,-0.247612201614147,-0.140146434128923,-0.204869380436417,0.0283211267530114,0.130858791043063,0.408750250403382,0.395745314615051,0.28773815668647,-0.008333281085834,-0.299857862708159,0.263195005923956,-0.288094699237199,0.0329557797700841,-0.130794166016008,-0.0775722882197016,-0.0877796897671683,0.371059140612146,0.000277051115136629,0.0372924356553201,-0.162510748892839,0.480796154225243,-0.0920612186735982,-0.0677533287023382,0.762974312801253,0.0150414367310706,0.0533918642269521,-0.0929665170487955,0.11954754285378,0.0550673490354741,0.0626024048608673,-0.13065192206796,-0.0260469133958502,-0.0444102747440101,0.100349977818975,0.00670621429506147
hsa-miR-203a-3p,0.13964744444218,-0.720697454551346,-0.360422242642492,-0.47396680080447,0.461776738439344,0.036848304741863,-0.359338106977832,-0.665896971307571,-0.445496550512014,-0.28357015525838,-0.317502658277471,-0.408916169244049,-0.438466138420001,-0.353418909970603,-0.191223316489776,0.369071583486646,-0.619870160316836,-0.760555645403737,-0.610684618774366,-1.00541769642964,-1.08963493086379,-0.583867605366167,-0.439759182469396,-0.468934836432855,-0.358909957412435,-0.795041658536756,-0.696341627578391,-0.368963670675906,-0.380191636316325,-1.30080193059861,-0.481303554509799,-0.452077739910564,-0.525943625867502,-0.503664011129098,-0.431706036088522,-0.583585038192994,-0.477689816487624,-0.211987165585087,-0.390738073519556,-0.313575162555241,-0.602291933730728,-0.227724401925278,-0.214914166432802,-0.081149929027923,-0.35546586166586
hsa-miR-205-5p,-1.367742598409,-1.87435331631204,-1.85295939724308,0.57861764373158,-1.5753686377428,-0.225286773408372,-1.41942396794177,-2.1957423911642,-2.59946810132304,-0.509775786505908,-1.8906087164944,-2.11891735448775,-1.99544054329633,-1.14299388573147,-1.19388653640676,-0.305069930495811,-2.21291831534041,-1.51927450642737,-1.44609300764982,-1.90277461896559,-2.75755937836686,-2.09660343179458,-1.90870834226328,-1.76468711197058,-1.88930067077308,-1.16559479202185,-3.0643419768436,-2.47439971889662,-1.86259848411139,-2.64287741925382,-2.42111907900417,-2.34466458100589,-1.19534568914391,-1.03871610499484,-1.70887659982528,-2.56644811394065,-2.30524784283294,-1.75395628921039,-2.36553711048341,-2.2681262945269,-2.49762229845275,-2.59040650651593,-2.17459858747809,-2.09051485755736,-3.11462043786528
hsa-miR-206,-2.57309551163043,-1.67365440367523,-1.85295939724308,-1.94078798605284,-2.60346174712315,-2.36160109786876,-2.49086098305701,-2.84081487557899,-2.33761368040613,-2.14553330690129,-2.28290521554364,-2.11891735448775,-0.865297814161343,-2.65810685627189,-2.63980573463809,-1.86955097715239,-2.21291831534041,-1.76589028196962,-1.37532479122989,0.577317941044353,-2.75755937836686,0.012193294785695,-1.75044720549601,-2.70949640071722,-1.59234014693695,-1.7510849815712,-0.305048070751774,-2.47439971889662,-1.6474473346944,-0.368052776429401,-1.83157107367351,-1.40289520668123,-2.53483351331433,-1.7884487546168,-2.67852191455298,-2.20570868991967,-1.87892599005691,-2.77271834142552,-2.36553711048341,-1.66102049842441,-2.14381265496907,-1.87549747803095,-1.68642212211042,-1.83450567446491,-0.449990660422254
hsa-miR-20a-5p,0.581086185537038,0.551054845871386,0.635040563902449,0.609793982688646,0.562387811800702,0.749835336958381,0.670981102986121,0.529156727263667,0.592181963650952,0.413886982718975,0.552890301522519,0.632954562854271,0.664526969856176,0.604202290987204,0.713975740339711,0.356227798445706,0.767853026213532,0.710415584926729,0.729762407255806,0.609155760972678,0.465041744423316,0.267757439819455,0.393479955153286,0.280428344102865,0.435554459526362,0.256779257161567,0.59210041388538,0.566011699714568,0.548952917361264,0.391360214296773,0.543151464638429,0.520591368237132,0.739282069452576,0.807124104078938,0.570593842054642,0.556021475685676,0.643145798227137,0.67926311334483,0.591655127523431,0.456909169003428,0.532113003938397,0.543087962601377,0.650226261527731,0.500570066672956,0.749684472078942
hsa-miR-21-5p,1.34459156683012,1.36121698982516,1.34315948635504,1.25046027460501,1.4006351511729,1.34536919135171,1.1424998390759,1.44923273186059,1.32581034011214,1.37425839007704,1.28183808263005,1.18642644748198,1.26559354963772,1.24294540129153,1.27709158576079,1.41663192174335,1.34247954757815,1.4227250518022,1.37583288408652,1.27943862724203,1.23285726765294,1.35859685461805,1.35148742888261,1.44242826861406,1.29102239016178,1.22241180034769,1.35460819739587,1.3114709345852,1.21391151224373,1.34946177246196,1.38976351446672,1.29361732174175,1.18932472643233,1.28038738591199,1.29499147833084,1.43741005395665,1.36959751882865,1.35713713426867,1.32466693734635,1.35829402219505,1.32397797329856,1.29801561459459,1.45306525469748,1.29019563166456,1.39978532946094
hsa-miR-214-3p,-0.30954435415118,-0.163152234676128,-0.250456811714292,-0.250283926382802,-0.902909101581237,-0.960730254720911,-0.326229559809501,-0.310716113796601,-0.368079068625203,-0.696888744946568,-0.382156382749828,-0.343719085703206,-0.325940210872232,-0.762855177784996,-0.621728854492122,-0.416649343586496,-0.555453705817156,-0.789449213448266,-0.529048366229197,-0.493964981679039,-0.187819746132186,-0.599365769886987,-0.463317456920077,-0.175170896371594,-0.254936536723877,-0.530240890488476,-0.684650187959792,-0.195424985607091,-0.528733478202296,-0.40310399441566,-0.429384925317693,-0.399327592696089,-0.368165261059714,-0.417645911578919,-0.494403753604721,-0.624222853752888,-0.236137826770129,-0.608525652887297,-0.368642586617254,-0.509541582826514,-0.337924415849602,-0.305333891507468,-0.453297702511558,-0.265808118740966,-1.39954841101018
hsa-miR-215-5p,-0.686872657286938,-0.9848366547496,-0.905919040447759,-1.08330560179477,-1.09117637041093,-0.733966489988541,-0.450442138278633,-0.345962180143708,-0.889804752990461,-0.649778572842303,-0.915366336862614,-0.939000032727138,-0.488733828208615,-1.23114112019974,-0.758565894679279,-0.961814799875375,-0.767393390272302,-0.601736605708071,-0.947365427508295,-1.14007275727067,-1.08963493086379,-0.943601722865846,-0.700905467631717,-0.704096544721607,-0.175293429076971,-0.599647699806452,-0.631694548414763,-1.3984022941296,-1.17533660268378,-1.498768673644,-1.21978710817001,-1.02565801631355,-1.04352714222785,-1.49749277329731,-1.16828268485199,-0.787185675126399,-0.802816784048123,-0.824642410909425,-0.601804305571801,-0.446588300721856,-0.831263293305106,-0.639553650185499,-1.42568125423272,-0.853020445204813,-0.90782197037649
hsa-miR-218-5p,-1.00403713184034,-0.574053555145495,-0.528880241016072,-0.477107397113722,-0.517638494979071,-0.715843731299727,-0.332579217016796,-0.424027106027809,-0.491870126434012,-0.603310889685414,-0.810067815506099,-0.555208892117731,-0.39108977071209,-0.397960785892615,-0.742030196196652,-0.704166468667806,-0.615706286727973,-0.502794140170975,-0.455978438089531,-0.450653740969194,-0.338288726125276,-0.551312329698785,-0.585535482794589,-0.417757910024687,-0.376611031192074,-0.672120728619471,-0.871573291061077,-0.293924712331962,-0.727435574490333,-0.62226114992793,-0.638976902810175,-0.759391187235999,-0.318819562705594,-0.248263951015471,-0.272998273336822,-0.539775785413681,-0.413567404103098,-0.583180761675168,-0.612608052045438,-0.459309889695027,-0.422798941513498,-0.777562969517716,-0.549867067309293,-0.643455025360512,-0.13926797090497
hsa-miR-22-3p,1.1729062980704,1.18706892482012,1.15562357911129,1.08481252769996,1.1616391443514,1.10197086766974,1.03781593967014,1.25268887264301,1.10737998263461,1.16396188301927,1.16856493611406,1.1007636998712,1.17246101834307,1.13617016685877,1.15436566373866,1.27886818043029,1.11483078561706,1.18863289111965,1.15630673050199,1.08530426276063,1.08259885786074,1.15077369968885,1.22560407679473,1.25332337390947,1.1323726695488,1.11590161866521,1.19810527625314,1.18393039539213,1.09512236344377,1.2424489765272,1.18365561800612,1.10778614594849,1.06387775874264,1.07409063569597,1.1623517550108,1.20912880361386,1.15187014291862,1.08626286008793,1.11438079419618,1.14482179483317,1.14856277112583,1.09584489976471,1.24090351717755,1.14224587469889,1.1627869982971
hsa-miR-221-3p,-0.0767805306504987,0.157819189609004,0.0988873741478436,0.0527901309151723,0.418111533307498,0.333322881063395,0.343572402260227,-0.0308538093084308,0.360882215764185,0.275820697632928,0.324377977226364,0.033964967523931,-0.0794279369520328,0.462963843050763,0.0786892770992354,0.0414030050388422,0.0666173449195918,0.324439664353847,0.366499497849854,0.467540876180649,0.194869260122862,0.588841354984737,0.234105180192966,0.419892363232726,0.598299694542977,0.0281694951251298,0.274334987603729,0.288577341724491,0.168741902270727,0.106331917461092,0.127086097331386,0.319327813170849,0.101997260222505,0.260685692408518,0.319619386287567,0.175849370178167,0.282408040851045,0.397400233593766,0.622707267013059,0.562301490854929,0.259656085534391,0.308941883421022,0.0860720124184677,0.46752710559148,0.190619961909062
hsa-miR-222-3p,0.0359794222297839,0.0579967005449733,-0.129139190833063,-0.10613368762796,0.275801866615617,0.273876921262347,0.225621627922634,-0.345962180143708,0.116364845936116,0.081908076880709,0.166493864465379,-0.269306859107256,-0.123461029377472,0.288843266451832,0.0619268080367717,0.0213979377885604,0.163522949121444,0.194308861981383,0.0931336827218431,0.203466945207651,-0.0648334998411949,0.226032116815932,0.158539890948905,0.0628779183330208,0.367179058960628,-0.227434973151865,0.117803679433804,0.106444355819341,-0.123237024513034,-0.227460758883628,0.0447282591244349,0.149920294631019,-0.172393227712439,0.160457281318873,0.0738854488159394,-0.0146583954091511,0.291002060280588,0.0878351558009683,0.505841708912473,0.304508845294704,0.0107946837269609,0.178346544820635,0.262183404071085,0.356932067404796,0.0570006564603707
hsa-miR-223-3p,0.327825067551003,0.52355618181523,0.52546081954651,0.334033084808688,0.468411065330062,0.591373352739832,0.427632207608229,0.398636827102168,0.409458996777041,0.0470521818273747,0.190559425827288,0.352648231121005,0.121633489249398,0.352852763167796,0.262066198988532,0.0808370229328395,0.50986965654433,0.535121265147804,0.340107228722833,0.0531411760083308,0.310175535183808,-0.207610244340921,0.541686280941689,0.427032044199333,0.340731184583487,0.197930860510857,0.369175450812504,0.406821116564027,0.142209872822323,0.604369507074546,0.496649707475703,0.281012286224837,0.297455583212984,0.331961905525429,0.352792268492882,0.625746348137718,0.598979511075086,0.250226462260274,0.239230590595913,0.448797908248543,0.434586666718213,0.863338457782256,0.44137390826669,0.392890375651703,0.338756379530681
hsa-miR-23a-3p,0.734121585423594,0.71868174662753,0.801244016936441,0.687013559405287,0.738889488878889,0.584659900485981,0.663681041672302,0.711886982138308,0.625488989133915,0.732106951318081,0.819690747614753,0.691033929974298,0.69161275984685,0.751631316225646,0.725179073403973,0.80810759532367,0.675098031603667,0.742118880554116,0.702170887039998,0.629130992525309,0.720902695148405,0.753684761704908,0.829364720692583,0.771750718282723,0.776370281392962,0.690029881337519,0.732900439256726,0.806892927132922,0.667172627093636,0.677679248268729,0.709757909129138,0.690734901686177,0.727602679935389,0.702480789863471,0.713307596204557,0.747604153894693,0.763120558389761,0.691711086470098,0.698260601525784,0.7505374867783,0.742246205610011,0.644902172748968,0.687815782875958,0.683620545666307,0.605342245108728
hsa-miR-24-3p,0.430247491795383,0.396578660973772,0.405172656069894,0.354018570360698,0.318421901975322,0.393583065636532,0.390848538232556,0.452740640152534,0.321272923439416,0.316825951499669,0.555959921123362,0.420978980952534,0.467194615614076,0.299209537759773,0.430781403073043,0.380565176550035,0.461486915819636,0.443007717561364,0.389221989346296,0.479463299602891,0.258612600507819,0.511497465839133,0.49945233773021,0.681632886796898,0.405049681800013,0.282666780211784,0.389496684482667,0.470065559218069,0.350865968403311,0.354506313711266,0.367251284635931,0.267396567565172,0.311573936859208,0.363455332662814,0.462379093088284,0.373154648610091,0.522760836313601,0.330656501067983,0.388244230317543,0.421684455988088,0.388629412028596,0.524066556380534,0.428854935431236,0.470674073826219,0.299598759902145
hsa-miR-25-3p,0.917400137341816,0.875566085422801,0.895862343695264,0.844043306226859,0.97795102811928,0.916600882421612,0.842258984622681,0.842142983378468,0.836643310040419,0.906098241709799,0.990274627084552,0.875665043737033,0.910061820047542,0.974778165864414,0.88526745617049,0.903361076898356,0.835665268899903,0.839873855700956,0.952648563730887,0.855579853382851,0.93580946975996,0.938643852710674,0.87583780160098,0.865655737570746,0.872991956261049,0.999439468356143,0.933475098923938,0.86877498247711,0.977698644686542,1.11808264105196,0.93125928675634,1.01789650857277,0.988767903690048,0.84102711548751,0.860892046122911,0.86668837256433,0.818472607072399,0.888595010118929,0.887933744951064,0.811428968547744,0.811166732653901,0.859339159017015,0.964643709033764,0.952363891350739,1.0148282950742
hsa-miR-27a-3p,0.5781957609282,0.53048148364514,0.550390904837614,0.539397848301777,0.480947820207074,0.484119703574426,0.497086792906666,0.545432503285776,0.462374163775841,0.505691108119551,0.633508261625994,0.544995950855516,0.539176761591597,0.495245307183451,0.553394985832821,0.542348980719271,0.497771644301742,0.548199337610688,0.520651696698688,0.525435862730721,0.398689020682576,0.583977865795928,0.66047654773344,0.741686502043388,0.549450101193004,0.39026658315948,0.541092230087749,0.592119834263422,0.434145430385987,0.42280309292429,0.46942530081847,0.421467428771282,0.486280126228168,0.454962959925274,0.473528544076721,0.532952933698205,0.622624077358133,0.433376114575653,0.456669392657987,0.547041276497782,0.536767703826148,0.658772028197264,0.533026477146235,0.538595334022044,0.344627104621487
hsa-miR-27b-3p,0.356866509853757,0.306094239145994,0.358580571584892,0.223513969900345,0.183966609065154,0.308471698267815,0.349901083164544,0.538300946928996,0.248275784411634,0.260488307063853,0.484913398858049,0.481716540307744,0.42159002611856,0.354122939826685,0.380810565531313,0.325844958549415,0.313588291501536,0.230114650404327,0.292374475724205,0.407096488193082,0.242448790501832,0.388878079272868,0.304522152312214,0.466783269179144,0.382855499626576,0.270306272208688,0.15328436319291,0.43759270151479,0.315494559055595,0.196396601428663,0.217538045173414,0.290925455636726,0.285960347643904,0.301119586689473,0.273426480943629,0.208286852879919,0.312701058401709,0.251820013030083,0.309112878420375,0.275851497283917,0.282610503107846,0.28807879514356,0.27706623799469,0.396368335387076,0.402056864141123
hsa-miR-28-5p,0.883071289986073,0.737829379994586,0.737553158674864,0.720949476511656,0.785622527631448,0.725050076509402,0.487930197406873,0.685841617626106,0.646351984105772,0.858947136379383,0.702502438666358,0.881696987967723,0.72060233847669,0.69669065180593,0.742047458409846,0.756479601339113,0.584586263371072,0.654085893286219,0.684610088150009,0.488563777436921,0.942458936631402,0.815889270956219,0.709363646397244,0.738369678255872,0.716186035857896,0.909196306350552,0.876238310718843,0.76823788988236,0.753225680016253,0.862705019110384,0.710241697463114,0.791829424685953,0.819339001759697,0.608224351105419,0.633112438732645,0.715049816190115,0.690102633934513,0.830243962378002,0.522120831928389,0.647544504289134,0.650543653279551,0.62754237537352,0.821146630507202,0.867064785003837,0.768551804288248
hsa-miR-29a-3p,0.800968186687241,0.921935402983767,0.860367050300199,0.844998111363107,0.958809686025116,0.805740755569554,0.797267445766959,0.851023439793077,0.853029354245222,0.88921726691318,0.943083328846385,0.804265989996902,0.843110680741417,1.02197432889957,0.763570181375552,0.965857435580732,0.86015810456935,0.848473649633626,0.912838085307557,0.988045560805154,0.776929751795159,1.11122276885584,0.929648415798242,1.07436908646569,0.943690763730175,0.865240119944517,0.943711882694007,0.865294014672394,0.787863462755206,0.830885008124093,0.862743700255876,0.885301063418094,0.793016162196838,0.775652743323034,0.889603752276473,0.921487988585612,0.876379766377322,0.918675179335061,0.845713304733905,0.916598102662266,0.920623459618793,0.911138050537968,0.903343866470246,0.865471505895697,0.816741234406429
hsa-miR-29b-3p,0.450791572919412,0.609091165978482,0.610553877390086,0.480795809048085,0.653542976980828,0.458133246494277,0.446845166348669,0.395143702742631,0.565902360590733,0.446744692103049,0.584480760961399,0.319536183287273,0.339184385302103,0.65190699207246,0.32610314838215,0.456850937847497,0.579683054175898,0.498011745650538,0.604201519540092,0.649797743437531,0.600690768338936,0.689662094546672,0.588307274793251,0.753118426876271,0.671118713992696,0.633524203290893,0.572709888134476,0.509761178544141,0.394336521120845,0.266038018398834,0.494759269434264,0.560889751962401,0.614544183488838,0.544328674146395,0.498571997624568,0.665552617646462,0.55431464166962,0.636312641298635,0.554427400049025,0.659888887088993,0.707021211913557,0.566748433198926,0.477984355936225,0.531437135427816,0.459055006741529
hsa-miR-30a-5p,0.8985455593376,0.895580934933714,0.848188968540068,0.981555675806766,0.905360119407635,0.753692690699905,0.722723532470047,0.869199651618396,0.891124980794256,0.815206331089413,0.841044252002304,0.739574170607056,0.89752017207807,0.747261722712948,0.807002147898345,1.07076308789336,0.72962845847603,0.777324059423188,0.838051219195634,0.637855326008235,0.776671127345244,0.882149657652544,0.862918333192083,0.796113883796458,0.813927260070498,0.793746490108272,0.743306821167819,0.753259438410526,1.05651826461411,0.804339467409054,0.857031394521191,0.904013242384157,0.854782271481348,0.635139988851563,0.801369157347677,0.890870864309045,0.846010068189136,0.75769925116446,0.796739937237042,0.852488441514199,0.842997654049501,0.657714263401669,0.926743531111674,0.719238656667858,0.940505467860796
hsa-miR-30c-5p,0.262936550476289,0.356897932944406,0.298204806764078,0.431632222378584,0.342788268107286,0.305702494673905,0.401892583363477,0.196867189843949,0.377417007798476,0.153528276253492,0.277456419687561,0.442645629378836,0.0718373153077177,0.305113562857002,0.232028042857515,0.0677966189362339,0.245015638722758,0.265410380921377,0.325899194758559,0.100902104010439,0.377858373990934,0.171279284706288,0.20142176851427,0.212001063439586,0.150193987707906,0.435457283244883,0.107702925549125,0.259053411685634,0.376249879812103,0.313299559944758,0.280368032991452,0.485641389894264,0.330742916141788,0.268577809081175,0.311204384919372,0.384722782776722,0.327085846501979,0.328620227137536,0.265550514947364,0.365583019504716,0.38311203458758,0.366352716116212,0.241222977546096,0.36746422990296,0.329025927731402
hsa-miR-30e-5p,1.00958635898008,0.96014286708094,0.954535786615394,0.944273989691783,0.990677448604929,0.948062945812596,0.95573608089758,0.893687274127295,0.935976973462705,0.987000451654517,0.964270809799863,0.978151032210352,1.00756064924622,1.04955200423194,0.990576397332366,1.10563090409771,0.910259723834323,0.941999698300235,0.94550950867214,0.873025581341245,0.974775842364869,1.08020608900783,0.983650363556353,1.02812542445802,0.969900110255842,1.18125694449955,1.00053312825004,0.918011408109223,1.01666256803632,1.05839905550691,0.968093372589685,1.04763377742172,0.913341351460861,0.846799485857542,0.919889492655096,1.02454062773427,0.953952595414966,0.984365668886642,0.954785823195488,0.965228833628468,0.961221457254059,0.927588038046169,1.00822429246886,0.980830448343829,1.03112382448472
hsa-miR-31-5p,-0.999961546769486,-1.87435331631204,-1.85295939724308,-1.21783615514626,-1.43227868302719,-1.73344827998684,-2.49086098305701,-1.16839183421424,-2.14661551469374,-1.32901057074694,-1.36150250561296,-1.59611543750011,-1.99544054329633,-1.68598784395201,-1.09937890787504,-0.99412251547952,-2.21291831534041,-1.5605332019031,-1.74917934445122,-3.0408215779853,-1.96510134878792,-0.467140717973152,-1.90870834226328,-0.946254659654766,-2.12293500564733,-2.47675480398654,-1.74980255707302,-0.945657598947747,-1.43339423120506,-1.38952667409117,-1.46951861583666,-0.721930783095605,-1.62342494056765,-2.38496292756023,-1.40215607155978,-1.16536491698276,-1.45558681090195,-1.3005318463677,-2.36553711048341,-2.2681262945269,-1.42656455203712,-2.14110932052055,-1.12888882038256,-1.41596794289727,-1.31698976034741
hsa-miR-338-3p,0.36754677211496,0.327115900036167,0.468710089736408,0.397480259239946,0.0974768504429129,0.388576252621155,0.418891530182955,0.476580467091653,0.466224406720611,0.384967891176236,0.150417603193395,0.350904977599823,0.133828242247085,0.102114648421807,0.143928160296965,0.0569068808220759,0.419047773051173,0.316613094268961,0.174144074765932,0.117448654151599,0.240392449240467,0.317117662694455,0.496851858289819,0.278153058128031,0.163927373385671,0.258388756009158,0.297360270479847,0.230700398467669,0.0855290595436414,0.52262859213295,0.471437541289985,0.197294461382589,0.16279868746594,0.195691307853488,0.423856366905447,0.429944380073312,0.279747654509084,0.438317920606789,0.440855050024451,0.460941411411728,0.416841771403115,0.615842422867324,0.427438406695121,0.198587749747843,0.88171810056924
hsa-miR-33a-5p,-0.331342833704456,-0.311828997726187,-0.256524328109697,-0.18709982968852,-0.418479295874819,-0.39966959139429,-0.197476626506611,-0.57386892415467,-0.169784223232996,-0.14582166213411,0.0985776854025719,0.0999855117763873,0.0227733383094839,0.199344560815902,0.0264298834190661,-0.093265953145444,-0.3253934138628,-0.353383525209711,-0.151453767825694,0.186863706827955,0.215511040481867,0.000346435202982061,0.0808278716510917,0.0370470003037956,-0.0415731569218197,0.0852569740091837,-0.124601628120928,0.0525284162424161,0.0245258879896326,-0.44686975032664,-0.584342385764928,-0.0920612186735982,0.156870619142622,-0.0620202449641518,-0.515123415016645,-0.34759968006612,-0.256842237093661,-0.263191743305451,-0.25065195958368,-0.270468424803978,-0.278823833565109,-0.145999970784123,-0.41314962844563,-0.0556757782836176,-0.241872781743211
hsa-miR-34a-5p,0.1284823145098,0.228918504511362,0.367862833430167,0.347888035627275,0.075972489872081,0.0567895650154097,0.160681571736008,0.0833980188295219,0.185770555161471,0.256357603206769,0.237131026986816,0.167942146150596,-0.0655171014363439,-0.219430025175477,-0.0151229621383185,-0.000848906952951197,0.276589787799794,0.165043436661829,0.120068247233655,0.0131332889345679,0.146108707115758,0.293540518014778,0.385322511982081,0.357422834118828,0.205478185960912,0.399316387250228,0.0903810039653875,0.276962790646521,-0.0340005209755658,0.182632140246081,0.228376133814164,0.0569773453300272,0.242614702275302,0.241217733789547,0.172413227184322,0.266219018009017,0.380645694021196,-0.052370808500563,0.265892760104148,0.423592754467291,0.323737030062961,0.452873332726487,0.348921698952518,0.26916361862552,0.0725991096830611
hsa-miR-34c-5p,-0.880348338505895,-1.02517360269662,-1.01697679969529,-0.615313327447348,-0.902909101581237,-0.848930066465874,-0.533066479997654,-1.335164051836,-0.679440571267228,-0.804959857572281,-0.546109847740766,-0.964952962868536,-0.754495637584758,-1.06997543289564,-1.05916842101033,-1.14106144838941,-1.02349472676245,-0.820831067450096,-0.453071198724513,-1.22904282769603,-0.700194460818624,-0.278888137810441,-0.956189580027094,-0.768551903350376,-0.779506920263866,-1.20884331965327,-0.662433528489826,-0.319151812127635,-0.780519184282283,-0.908177101645215,-0.987305014981174,-0.69571767556642,-0.783359562248747,-0.548767627045707,-0.526054724789356,-0.709869330148899,-0.771996927046299,-0.572225220451817,-0.830683428235079,-0.560272134203222,-0.812591981282426,-0.446985469843854,-0.352236044820831,-0.710842973948744,-0.80791548728174
hsa-miR-363-3p,-1.17153253713669,-0.760228848221305,-0.905919040447759,-0.605435004933645,-0.466590290861158,0.324885532781812,-1.21226362585132,-0.247707519365197,0.0595590196097009,-0.589797364753749,-1.11226214017811,-1.13032021408678,-0.416277232420748,-1.14299388573147,-1.59006761645928,-0.838842094314329,-0.0332390937259178,0.263128348044348,0.152074437290706,0.183570339295815,-1.28209772001394,-0.669930653913955,-1.01238859336378,-0.543100655387897,-0.537940586330408,-0.737740355631103,-0.485655555417939,-0.711318939461309,-0.829829084426807,-0.0125810540055459,-0.138270886476454,-0.509358620388316,-0.182626040445164,-0.299605862608767,-0.401256701468442,-0.201044809110268,-0.743637652872188,-0.391004461466409,-1.00543255812884,-0.365014015832774,-0.746477309328778,-0.00094471385037299,-0.200428556487465,-0.853020445204813,0.0209639375033015
hsa-miR-365a-3p,-0.645164639437519,0.00949517137139846,-0.191786354800746,-0.0488131469453648,-0.401231056282742,-0.523527953103829,-0.695841119138708,-0.586064584188747,-0.0205724195878755,-0.0315174352820501,-0.214962600224069,0.172625209133622,-0.647098852546414,-0.660902759299531,-0.580038126690169,-0.654701793205979,-0.700456441295773,0.0443919438233985,-0.0496678966450604,-0.581924128034523,0.129156699944312,-0.550372841838199,-0.0964714343965638,-0.449489154128434,-0.415481752584559,-0.0812227599554626,-0.467847111615996,-0.304428858716786,-0.450905356480137,0.0296911596679484,-0.307662294091397,-0.607729066234825,0.297155044746329,-0.280535308471588,-0.269055286106914,-0.186096843328791,-0.0202015628442002,-0.120422137302294,-0.237467606712983,0.145609249168084,-0.278823833565109,-0.134440509667742,-0.604821728173086,-0.32681539969672,-0.729604500242131
